source_doc_id,date,sentence,found_term
151,2012-08-15 14:00:00,"I want to say some words in particular to the coaches, to all of those who spent these long years developing and polishing our athletes’ talents and leading you to triumph.",polish
165,2012-09-02 15:30:00,"His name was given to a successful operation our troops conducted during the Great Patriotic War, which liberated Belarus and part of Lithuania and Poland.",poland
318,2012-12-20 16:40:00,"When such events are held, they unite us with the entire civilised world including Poland.",poland
318,2012-12-20 16:40:00,"I want to thank Polish people for not forgetting the history, for the fact that such events are being held and organised.",polish
318,2012-12-20 16:40:00,My understanding was that a very constructive professional communication was established between the Polish and Russian investigators.,polish
318,2012-12-20 16:40:00,We mourn together with the Polish people.,polish
318,2012-12-20 16:40:00,"The weather conditions were bad, the first pilot of the Polish plane that had landed two hours prior had warned the first pilot of that following presidential plane that he should not come, that the landing conditions were unsafe, but they still flew out.",polish
318,2012-12-20 16:40:00,"But naturally, we must attain an absolutely objective answer to all the questions from our side and from the Polish people.",polish
396,2013-02-27 13:45:00,This is all the more important now that we have reached the stage of polishing and fine-tuning the many components in this complex military machine.,polish
448,2013-04-03 18:30:00,"This project would increase reliability of gas supplies to Poland, Slovakia, and Hungary.",poland
448,2013-04-03 18:30:00,I understand that if this project goes ahead it would put an end to the concerns our Polish friends have had and would also ensure more reliable supplies to Hungary and Slovakia.,polish
481,2013-04-25 16:50:00,"We had our own pharmaceutical products but there weren’t many of them and we imported a lot of medicines from Eastern Europe: we had drugs from Yugoslavia, Poland… There are still quite a lot of Indian generics on the market.",poland
805,2013-11-28 14:00:00,"Still, as I already said, and you confirmed, there are some things that must be completed and polished.",polish
819,2013-12-05 17:00:00,"In Kaliningrad say, there is a whole generation now, many teenagers and young people, who have been numerous times to Poland or Germany, but have never visited anywhere in Russia outside Kaliningrad Region.",poland
910,2014-03-04 15:40:00,"I would like to draw your attention to the fact that President Yanukovych, through the mediation of the Foreign Ministers of three European countries – Poland, Germany and France – and in the presence of my representative (this was the Russian Human Rights Commissioner Vladimir Lukin) signed an agreement with the opposition on February 21.",poland
910,2014-03-04 15:40:00,"As we all know they were trained at special bases in neighbouring states: in Lithuania, Poland and in Ukraine itself too.",poland
910,2014-03-04 15:40:00,"But out of humanitarian considerations, it would be good if our human rights organisations got involved in this as well; we might ask Vladimir Lukin, either alone or together with his colleagues, representatives from France, Germany and Poland, with whom he participated in developing the well-known document of February 21, 2014, to go on location and see what is happening there with these Berkut officers, who have not broken any laws and acted in accordance with their orders.",poland
961,2014-04-17 15:55:00,"When Yanukovych signed the agreement on February 21, which was guaranteed by three European foreign ministers from Poland, France and Germany, he believed that this agreement would be honoured.",poland
961,2014-04-17 15:55:00,"Some of these territories were part of Czechoslovakia, some of Hungary, some of Austro-Hungary and some of Poland, where they were never full-fledged citizens.",poland
972,2014-04-28 15:40:00,"A proposal might be perfectly rational at its core, but because the drafting has produced a document that is still rough, vague and insufficiently polished into shape, it either gets shelved, put aside, or gets sent back for redrafting, expansion, additions, and this wastes time and can even end up distorting the proposal’s original sense.",polish
1013,2014-05-23 16:45:00,This is our annual supply to Poland.,poland
1020,2014-05-24 18:30:00,This was a free shipment and it amounts to what we deliver to Poland in a whole year.,poland
1028,2014-05-28 17:15:00,"Up until now, as I have already said, we were supplying Ukraine for free with more gas than total consumption and our annual gas supplies to a country like Poland.",poland
1049,2014-06-11 16:00:00,"Let me note here that neighbouring countries, Poland and a few others, receive gas at a higher price but using the same method for obtaining this price, namely, reducing the export duty on gas.",poland
1061,2014-06-24 20:00:00,There is another gas pipeline through Belarus and Poland.,poland
1072,2014-07-02 19:00:00,The Nazis were forever chased from Belarus and the troops went on to liberate Poland and other European countries.,poland
1138,2014-08-26 16:30:00,You remove it: Poland.,poland
1227,2014-10-24 19:00:00,"This is particularly relevant given the strengthening and growth of certain regions on the planet, which process objectively requires institutionalisation of such new poles, creating powerful regional organisations and developing rules for their interaction.",poles
1227,2014-10-24 19:00:00,"Some territory was transferred from Poland and some from Hungary, I think.",poland
1227,2014-10-24 19:00:00,What was Lvov if not a Polish city?,polish
1227,2014-10-24 19:00:00,Poland was compensated through the territory it gained from Germany when the Germans were driven out of a number of eastern regions.,poland
1238,2014-11-05 16:10:00,"They were going to physically exterminate the Slavic people, and not just ethnic Russians, but many other peoples, including the Jews, the Gypsies and the Poles.",poles
1238,2014-11-05 16:10:00,"Or, for example, there are still arguments about the Molotov-Ribbentrop pact, and the Soviet Union is blamed for dividing Poland.",poland
1238,2014-11-05 16:10:00,"But what did Poland itself do, when the Germans invaded Czechoslovakia?",poland
1238,2014-11-05 16:10:00,"And then, in turn, the same thing happened to Poland.",poland
1238,2014-11-05 16:10:00,I visited Poland a few years ago and heard there about how World War II began.,poland
1263,2014-11-17 02:00:00,"Indeed, on February 21, not only the German Minister of Foreign Affairs but also his counterparts from Poland and France arrived in Kiev to act as guarantors of the agreement achieved between the then President of Ukraine Viktor Yanukovych and the opposition.",poland
1263,2014-11-17 02:00:00,"I would like to say the following in this regard: either the Foreign Ministers of Germany, Poland and France should not have signed the agreement between the authorities and the opposition as its guarantors, or, since they did sign it after all, they should have insisted on its implementation instead of dissociating themselves from this agreement.",poland
1263,2014-11-17 02:00:00,"I believe, what is missing is the understanding that in order to be successful, stable and prosperous, the people who live on this territory, regardless of the language they speak (Hungarian, Russian, Ukrainian or Polish), must feel that this territory is their homeland.",polish
1266,2014-11-19 14:00:00,We share many centuries of common history with the Republic of Poland.,poland
1308,2014-12-18 15:20:00,"The agreement was signed by the three foreign ministers of Germany, Poland and France as guarantors of the agreement.",poland
1308,2014-12-18 15:20:00,"They are creating threats for us, they are deploying their strategic missile defence components not just in Alaska, but in Europe as well – in Romania and Poland, very close to us.",poland
1308,2014-12-18 15:20:00,"Many people from Poland and Germany travel to Kaliningrad, and Kaliningrad Region residents often go to neighbouring regions.",poland
1477,2015-05-10 16:00:00,"Second, I remind you that after the Munich Agreement was signed, Poland itself took steps to annex part of Czech territory.",poland
1477,2015-05-10 16:00:00,"In the end, following the Molotov-Ribbentrop Pact and the division of Poland, they fell victim to the same policy that they tried to pursue in Europe.",poland
1477,2015-05-10 16:00:00,"You know, yesterday at the reception, veterans from the Unites States, Britain, Poland and several other countries came up and thanked me for all that was done during the war.",poland
1505,2015-06-06 09:00:00,"You see, there were veterans from quite a number of countries in Moscow: from the United States, Great Britain, Poland and other European countries.",poland
1533,2015-06-24 16:10:00,"But in any case, the final price for Ukrainian consumers should be at the same level as for neighbouring nations like Poland, it should not be higher.",poland
1686,2015-10-22 20:45:00,"Meanwhile, the residents of those countries – and we should openly speak about this, without trying to polish things up – the residents are irritated by the dominance of strangers, rising crime rate, money spent on refugees from the budgets of their countries.",polish
1686,2015-10-22 20:45:00,These systems will be in place in Romania by the end of the year and in Poland by 2018 or 2020.,poland
1799,2016-01-11 06:00:00,"Bilateral agreements have been signed with Turkey, Romania, Poland, and Spain.",poland
1799,2016-01-11 06:00:00,"A positioning area has already been created in Romania, another one will be created in Poland by 2018; a radar is being installed in Turkey.",poland
1909,2016-04-07 17:00:00,"We are worse off than Poland, not to mention France although it is also yielding positions to US producers.",poland
1959,2016-05-13 16:20:00,"Second, this is a flagrant violation of the Intermediate-Range Nuclear Forces Treaty because the launchers, to be deployed after the radar stations in Romania and Poland go on stream, can easily be used for the deployment of intermediate and short range missiles.",poland
1959,2016-05-13 16:20:00,"Along with the offshore deployment – in the Mediterranean in this case – the Aegis system, the radar stations in Romania, and then the planned site in Poland – all these are additional steps towards throwing the international security system off balance and unleashing a new arms race.",poland
1990,2016-05-27 23:30:00,The same will be done with regard to Poland.,poland
1990,2016-05-27 23:30:00,We will wait for certain actions to be taken in Poland.,poland
2004,2016-06-07 18:20:00,"With regard to Poland not renewing the gas contract with us, our partners — economic agents at the corporate level — have not said anything on that account yet.",poland
2004,2016-06-07 18:20:00,"Gazprom, as Chairman of the Board of Gazprom Mr Miller told me yesterday, is exploring possibilities and plans to make an offer, in the near future, to other prospective partners (Polish, European, or any other for that matter) to buy this gas from us at the Belarusian-Polish border after the contract with Poland expires, by signing a new contract for 10–15 years.",poland
2004,2016-06-07 18:20:00,"These could be Polish, German, Austrian, Italian, or French companies – it does not really matter.",polish
2004,2016-06-07 18:20:00,"Perhaps, the Israelis will buy this gas from us and sell it to Poland – this is also an option.",poland
2021,2016-06-17 23:55:00,"No one will know, neither the Romanians, nor the Poles.",poles
2045,2016-06-30 14:10:00,"Rapid reaction forces are being deployed in Poland and the Baltic countries, and there is a build-up in offensive weapons.",poland
2049,2016-07-01 19:30:00,Now there is talk about deploying the same system of radar and interceptor missiles in Poland which is in the Baltic Sea region.,poland
2121,2016-09-05 10:30:00,"But then we will have to discuss not only Kaliningrad, but also the eastern lands of Germany, the city of Lvov, a former part of Poland, and so on, and so forth.",poland
2121,2016-09-05 10:30:00,"The United States unilaterally withdrew from the ABM Treaty and launched an intensive construction of anti-ballistic missile defence system as part of their strategic nuclear forces transferred to the periphery, and started constructing missile deployment areas in Romania and, subsequently, in Poland.",poland
2209,2016-10-27 20:00:00,"But today the price for Ukraine – and we had agreed on this before and said so last year – will not be higher than the price for its neighbours, for instance, Poland.",poland
2209,2016-10-27 20:00:00,I do not know the current prices but when we had this conversation Poland was buying gas from us for $185 or $184 per thousand cubic metres in accordance with the contractual commitments that are still valid.,poland
2229,2016-11-09 13:30:00,"Mr Ambassador of the Polish Republic, we are both aware that it would be difficult to call the state of Russian-Polish relations satisfactory today.",polish
2299,2016-12-23 15:55:00,Let us give the floor to the Poles.,poles
2299,2016-12-23 15:55:00,"It is not with us that such countries as Poland or Hungary should discuss those issues, and they are not doing that of course, they are discussing them with Brussels, with European capitals.",poland
2299,2016-12-23 15:55:00,"Regarding developing relations between Russia and Europe, I already answered your Polish colleague on this subject.",polish
2299,2016-12-23 15:55:00,"Instead of condemning an anti-constitutional coup and calling for execution of the agreement to which the foreign ministers of three European countries – France, Germany and Poland – had put their signatures, they supported this anti-constitutional coup.",poland
2449,2017-04-20 14:30:00,"Everybody knows that it was the site of a tragedy, and about 4,500 Poles were buried there.",poles
2449,2017-04-20 14:30:00,"That is why we are making a comprehensive exhibition dedicated to our soldiers, as well – heroic soldiers, Russian people who fell victim to reprisals side by side with the Poles, and there was nothing interethnic in it.",poles
2449,2017-04-20 14:30:00,"The whole world had an extraordinary response to it because he received the highest awards from Israel, the Netherlands and Poland but his own country had not decorated him at that time.",poland
2519,2017-05-31 08:00:00,"The missile defence facilities in Europe – in Poland and Romania – would not have been built, which, undoubtedly, creates a threat to our strategic nuclear forces and disrupts the strategic balance – an extremely dangerous development for international security.",poland
2545,2017-06-15 16:00:00,"Close to 170 years ago, Taras Shevchenko said, “Ukraine has fought to the point where it suffers more at the hands of its own children than it ever did at the hands of the Poles”.",poles
2613,2017-07-26 19:15:00,"The Boiling Point hubs that are already working in Moscow, St Petersburg and Ivanovo serve as poles of attraction and discussion platforms, and one of these hubs is now opening here in Petrozavodsk, in Karelia.",poles
2660,2017-09-01 14:30:00,"The earlier you make it the better, the more time you will have to make improvements, polish up something, consult somebody and make adjustments.",polish
2739,2017-10-19 20:10:00,"As guarantors, the foreign ministers of Poland, France and Germany signed a document, an agreement between President Yanukovych and the opposition.",poland
2739,2017-10-19 20:10:00,Poland also made some comments in this regard.,poland
2739,2017-10-19 20:10:00,Poland announced recently that it already has a million Ukrainians.,poland
2844,2017-12-14 15:50:00,Ukraine’s neighbour – Poland.,poland
2844,2017-12-14 15:50:00,Both Polish and Russian experts have investigated the case thoroughly.,polish
2844,2017-12-14 15:50:00,Do you want to further complicate Russian-Polish relations?,polish
2844,2017-12-14 15:50:00,It seems to me that Russian-Polish relations are more important than the current internal political struggle in Poland between various forces that are quick to use any anti-Russian factor in this struggle.,poland
2844,2017-12-14 15:50:00,"Become mature, meet the requirements of today and the interests of the Polish nation and the Polish people.",polish
2844,2017-12-14 15:50:00,Clinging to these problems and further degradation of Russian-Polish relations does not benefit Poland at all.,poland
2844,2017-12-14 15:50:00,"Count your losses from the various sanctions that Poland has joined, the jobs lost, and the businesses that could have developed targeting the Russian market.",poland
2844,2017-12-14 15:50:00,We do not need anything from Poland.,poland
2844,2017-12-14 15:50:00,We want to develop relations with Poland.,poland
2844,2017-12-14 15:50:00,I hope this approach will prevail in Poland as well.,poland
2861,2017-12-22 15:50:00,"For example, multipurpose missile launchers have already been deployed in Romania, and are being deployed in Poland, as part of the missile defence system.",poland
2861,2017-12-22 15:50:00,Four battalion task forces and a US Army armoured brigade are stationed in the Baltics and Poland; the multinational NATO divisions are headquartered in Poland and Romania.,poland
2937,2018-03-01 14:00:00,"There are new missile defence systems installed in Alaska and California; as a result of NATO’s expansion to the east, two new missile defence areas were created in Western Europe: one has already been created in Romania, while the deployment of the system in Poland is now almost complete.",poland
2937,2018-03-01 14:00:00,"As the video clips show, it can attack targets both via the North and South poles.",poles
2951,2018-03-10 10:00:00,Construction of another one is almost finished in Poland.,poland
2959,2018-03-15 18:00:00,Do you buy them from Poland?,poland
3013,2018-05-03 16:00:00,"Workathons, spit and polish are not the point.",polish
3080,2018-06-04 22:00:00,"Then Ukraine would not have to limit the use of the languages ​​of foreign minorities, meaning not only Russian, but also Romanian, Hungarian and Polish.",polish
3124,2018-06-20 17:10:00,The Polish team is made up of talented players and is a strong team.,polish
3162,2018-07-17 02:00:00,"Of course, its decisions are taken by consensus, but before taking them, individual NATO members can be contacted on a bilateral basis, as it was done with regard to Poland and Romania, which now host elements of the US strategic missile defence system.",poland
3322,2018-11-01 13:40:00,"The weight, the influence of the poles on the common development, of course, will be determined by their economic, scientific, cultural, spiritual and human potential.",poles
3397,2018-12-18 14:00:00,"You and I are well aware that the deployment of Aegis sea-based systems in Romania, and, in the near future, in Poland, is a direct violation of the INF Treaty, because these units can be used and, as a matter of fact, are being used at sea to launch missiles of this type.",poland
3397,2018-12-18 14:00:00,They are also planning to place them in Poland.,poland
3470,2019-02-20 13:30:00,"Using medium-range target missiles and deploying launchers in Romania and Poland that are fit for launching Tomahawk cruise missiles, the US has openly violated these clauses of the Treaty.",poland
3561,2019-04-25 12:45:00,"Poland, for example, has been issuing identity cards to ethnic Poles for as long as ten years, I think, since 2009.",poland
3561,2019-04-25 12:45:00,"In this connection there is a question: are ethnic Russians living in Ukraine worse than Romanians, Poles or Hungarians, or Ukrainians who live there but feel an unbreakable bond with Russia due to various circumstances (family ties, mixed marriages or other considerations)?",poles
3561,2019-04-25 12:45:00,"Moreover, when other countries neighbouring Ukraine have been doing the same for many years, why should Russia refrain from taking the same steps, especially since people living in Donetsk and Lugansk republics are in a much more challenging situation than the ethnic Poles, Romanians and Hungarians living in Ukraine?",poles
3618,2019-06-06 15:45:00,"However, they went ahead and deployed them in Romania and Poland which is a direct violation.",poland
3625,2019-06-07 17:50:00,Proximity to European culture and partial inclusion in Catholic Poland created a desire to be closer to Europe in this part of the population – this is a completely legitimate desire and there is nothing wrong with it.,poland
3688,2019-07-19 22:00:00,"They did not want to be part of the Catholic world, where Poland was dragging them.",poland
3718,2019-08-21 18:30:00,These missiles can be launched from existing launchers in Romania or ones that will soon be located in Poland.,poland
3721,2019-08-23 12:30:00,"We have repeatedly pointed out that the deployment of such launch systems on land, at the US missile defence base in Romania, and their forthcoming deployment in Poland is a direct, substantial, and flagrant violation of the INF Treaty.",poland
3721,2019-08-23 12:30:00,"And of course, the question arises: how do we know now what exactly they are going to deploy in Romania and Poland?",poland
3744,2019-09-04 13:50:00,"Of course, the final version of the programme will require careful polishing and a detailed analysis of all aspects and proposed measures, especially concerning the sources and amount of financing, as well as approaches to management decisions.",polish
3794,2019-10-03 18:30:00,The Aegis system that is already deployed in Europe: in Romania and soon to be deployed in Poland.,poland
3807,2019-10-13 13:00:00,"Poland will soon get it, too.",poland
3913,2019-12-10 02:20:00,"By the way, as far as I know, the other [national minority] schools – Hungarian, Romanian and Polish – are to start the process in 2023.",polish
3917,2019-12-11 17:30:00,"As if they had forgotten who attacked Poland on September 1, 1939, and the Soviet Union on June 22, 1941.",poland
3926,2019-12-19 16:20:00,"How did Poland behave in this situation, which, as one diplomat wrote at the time, “did everything possible to participate in the partition of Czechoslovakia?”",poland
3926,2019-12-19 16:20:00,"And how, by not creating it, they were really trying to push Hitler to aggression to the East, not realising then that Nazi Germany was interested not in Polish-German relations, but in expanding their living space to the East, that is, war against the Soviet Union.",polish
3926,2019-12-19 16:20:00,"Yes, they say there were secret protocols, the division of Poland.",poland
3926,2019-12-19 16:20:00,Poland itself joined in dividing Czechoslovakia.,poland
3926,2019-12-19 16:20:00,Poland took them over.,poland
3926,2019-12-19 16:20:00,But the Poles did the same.,poles
3926,2019-12-19 16:20:00,"By the way, yes, Soviet troops entered Poland under the protocols.",poland
3926,2019-12-19 16:20:00,I draw your attention to the following circumstance: the troops did enter but only after the Polish government lost control over their armed forces and over the developments in Poland while the government itself was somewhere near the Polish-Romanian border.,poland
3926,2019-12-19 16:20:00,That means the Red Army did not invade those territories in Poland.,poland
3926,2019-12-19 16:20:00,"However, other Polish studies later separated them even further, even removed them from among the Slavic peoples.",polish
3932,2019-12-20 17:00:00,"In addition, the European parliamentarians are demanding that Russia stop its efforts aimed at distorting historical facts and promoting the thesis that Poland, the Baltic countries and the West really started the war.",poland
3932,2019-12-20 17:00:00,"So, the Declaration on the Non-use of Force between Germany and Poland.",poland
3932,2019-12-20 17:00:00,"“Prime Minister of France, Eduard Daladier, has devoted the past several days to clarifying Poland’s position.”",poland
3932,2019-12-20 17:00:00,"‘The probe in Poland gave an utterly negative result,’ the Prime Minister of France said.",poland
3932,2019-12-20 17:00:00,"“Not only can we not rely on Polish support, but there is no certainty that Poland will not stab us in the back.”",poland
3932,2019-12-20 17:00:00,"Contrary to Polish assurances, Daladier does not believe in the Poles’ loyalty, even if Germany were to directly attack France.",polish
3932,2019-12-20 17:00:00,He demanded a clear and unambiguous answer from the Poles as to whose side they are on in peace and in war.,poles
3932,2019-12-20 17:00:00,"In this regard, he asked the Polish ambassador to France, Juliusz Łukasiewicz, a number of direct questions.",polish
3932,2019-12-20 17:00:00,He asked him if the Poles would let Soviet troops pass through their territory.,poles
3932,2019-12-20 17:00:00,Łukasiewicz said the Poles would open fire on them.,poles
3932,2019-12-20 17:00:00,When Łukasiewicz said no to the question of whether Poland would come to the rescue if after a German attack on Czechoslovakia (there was an agreement on mutual assistance between France and Czechoslovakia)… Germany declares war on France.,poland
3932,2019-12-20 17:00:00,The Polish representative said no.,polish
3932,2019-12-20 17:00:00,Daladier said he saw no reason in a Franco-Polish alliance and the sacrifices that France is making as part of it.“,polish
3932,2019-12-20 17:00:00,France linked its aid to Czechoslovakia to support from Poland.,poland
3932,2019-12-20 17:00:00,But Poland refused to provide it.,poland
3932,2019-12-20 17:00:00,What did the Polish authorities do when Germany began to claim part of Czechoslovak territory?,polish
3932,2019-12-20 17:00:00,"From a report from a commander of the Silesia Independent Operation Group, a Mr Bortnowski on preparations for the offensive operation, the capture of Tesin Silesia and the training of troops, the Polish authorities trained and sent militants to Czechoslovakia to carry out sabotage and terrorist attacks and actively prepare for the partitioning and occupation of Czechoslovakia.",polish
3932,2019-12-20 17:00:00,"The next document is a record of a conversation between German Ambassador to Poland Mr Moltke and Polish Foreign Minister, Mr Beck.",poland
3932,2019-12-20 17:00:00,"In this document, Polish Foreign Minister Beck spoke directly about this, I quote: “In the areas claimed by Poland, there will be no conflict with German interests.”",poland
3932,2019-12-20 17:00:00,"Simultaneously with Germany, which annexed Sudetenland, Poland began a direct seizing of Czechoslovak territory on October 1, 1938, thereby violating the agreement it had previously concluded with Czechoslovakia.",poland
3932,2019-12-20 17:00:00,The next document tells about the final agreement to set the border between Poland and Czechoslovakia.,poland
3932,2019-12-20 17:00:00,"Here is what this is about: on July 28, 1920, with the arbitration of the Triple Entente, Poland and Czechoslovakia signed the so-called final border agreement, which gave the western part of Czechoslovakia’s Cieszyn Region to the Czechs and the eastern part to Warsaw.",poland
3932,2019-12-20 17:00:00,"Of course, Poland understood that without Hitler’s support all attempts to seize part of Czechoslovakia were doomed to fail.",poland
3932,2019-12-20 17:00:00,"In this context, I would like to cite a very interesting document: a recorded conversation between German Ambassador in Warsaw Hans-Adolf von Moltke and Josef Beck about Polish-Czech relations and the USSR’s position on this from October 1, 1938.",polish
3932,2019-12-20 17:00:00,Mr Beck – let me remind you that he was the Foreign Minister of Poland – expressed his deep gratitude for the loyal interpretation of Polish interests at the Munich conference as well as for the sincere relations during the Czech conflict.,poland
3932,2019-12-20 17:00:00,"The Polish government and people credited Hitler and the Reichskanzler, which means he was grateful for Hitler’s actions at the conference in Munich.",polish
3932,2019-12-20 17:00:00,"It is noteworthy that representatives of Poland were not invited to the Munich conference, and that their interests were in fact represented by Hitler.",poland
3932,2019-12-20 17:00:00,"At this point Poland assumed the role of instigator: it tried to draw Hungary into the division of Czechoslovakia, which means deliberately pulling other countries into violating international law.",poland
3932,2019-12-20 17:00:00,"It was well known to other European countries, including to both Great Britain and France, that Germany and Poland acted together.",poland
3932,2019-12-20 17:00:00,"Next comes a quote, it is the French ambassador’s report to his superior in Paris; he writes, “This is about the demarches taken by Poland and Hungary on September 20 to the Fuehrer, and in London, which were designed to point out that Warsaw and Budapest would not agree to exercising a less favourable plan for their ethnic minorities in the Czechoslovakian state than the plan offered to Sudeten Germans.",poland
3932,2019-12-20 17:00:00,Poland and Warsaw were joining Germany in hounding Czechoslovakia.,poland
3932,2019-12-20 17:00:00,"The leaders of the Reich, who made no secret of their goal to erase Czechoslovakia from the map of Europe, immediately used the Polish and Hungarian demarches to declare through their official print media as early as September 21, that a new situation had emerged which required a new solution.",polish
3932,2019-12-20 17:00:00,"The fact that Poland expressed its appetite once it felt the hour for the division of the spoils was coming, could not have come as a surprise to those who were aware of the intentions of Polish Foreign Minister Beck, who had displayed an increasing caution about Germany and was fully informed of the designs of Hitler’s leaders.",poland
3932,2019-12-20 17:00:00,"In particular, due to regular contact with Hermann Goering throughout several months, the Polish foreign minister believed that the partitioning of Czechoslovakia was unavoidable, that it would happen before the end of 1938.",polish
3932,2019-12-20 17:00:00,"Further, on September 23, 1938, the Soviet Union officially notified Poland that if it invaded Czechoslovakia, the Soviet-Polish non-aggression pact would be terminated.",poland
3932,2019-12-20 17:00:00,Poland’s Foreign Minister Jozef Beck called this a propaganda ploy of no significance.,poland
3932,2019-12-20 17:00:00,"In addition, while considering the forthcoming invasion of Tesin, Poland did everything it could to prevent the Soviet Union from fulfilling its obligations to provide assistance to Czechoslovakia.",poland
3932,2019-12-20 17:00:00,"This is a transcript of conversations of May 17, 1939, between representatives of the French and Polish Commands about the possibilities of war in Europe between the Italian-German and Polish-French coalitions.",polish
3932,2019-12-20 17:00:00,The French Chief of Staff said at a meeting with the Polish Minister of Military Affairs that the overall situation in 1938 offered many more opportunities for opposition to Germany.,polish
3932,2019-12-20 17:00:00,"Polandat the time, unfortunately, was instrumental in this.",poland
3932,2019-12-20 17:00:00,"I want to show you another document – a transcript of Adolf Hitler’s conversation with Foreign Minister of Poland Jozef Beck of January 5, 1939.",poland
3932,2019-12-20 17:00:00,"It is a sort of distillation of the joint policy of the German Reich and Poland on the eve of, in the course of, and after the end of the Czechoslovakia crisis.",poland
3932,2019-12-20 17:00:00,And it clearly illustrates the contours of the Polish-German alliance as a striking force against Russia.,polish
3932,2019-12-20 17:00:00,"The Fuehrer says bluntly, “It was not easy to get the French and the English to consent to the inclusion of Polish and Hungarian claims to Czechoslovakia in the Munich agreement.”",polish
3932,2019-12-20 17:00:00,"In fact, Hitler was an attorney for the Polish authorities in Munich.",polish
3932,2019-12-20 17:00:00,"The Polish minister says, with certain pride, that Poland does not show such nervousness about enhancing its security as, for example, France does, and attaches no importance to the so-called security systems that went completely bankrupt after the September crisis (Sudetenlandcrisis) in Czechoslovakia.",poland
3932,2019-12-20 17:00:00,The Polish foreign minister says this to Hitler directly.,polish
3932,2019-12-20 17:00:00,"Hitler says (Adolf Hitler’s words), “Under all circumstances, Germany will be interested in the preservation of a strong national Poland, absolutely independently from the situation in Russia.",poland
3932,2019-12-20 17:00:00,A strong Polish army takes a considerable burden off Germany.,polish
3932,2019-12-20 17:00:00,The divisions that Poland is forced to keep on the Russian border relieve Germany of additional military expense.”,poland
3932,2019-12-20 17:00:00,This was not a result of tactical manoeuvring but rather a reflection of the consistent trend towards Polish-German rapprochement to the detriment of the Soviet Union.,polish
3932,2019-12-20 17:00:00,"This is an excerpt from a conversation between Polish Deputy Foreign Minister Jan Szembek and Hermann Goering about Polish-Soviet relations of November 5, 1937.",polish
3932,2019-12-20 17:00:00,Goering also added that Germany needs a strong Poland whereby he added that the Baltic Sea is not enough for Poland and it must have access to the Black Sea.,poland
3932,2019-12-20 17:00:00,"And related to that is another very revealing document – a transcript of the conversation between the German Minister of Foreign Affairs, Joachim Ribbentrop, and Polish Foreign Minister Jozef Beck on January 6, 1939.",polish
3932,2019-12-20 17:00:00,"Joachim Ribbentrop expressed Germany’s position, which, I quote, “will proceed from viewing the Ukrainian issue as Poland’s privilege, and we support Poland in all respects during the discussion of this issue, however, only on condition that Poland takes a more salient anti-Russian stance (this is a quote) since otherwise we (Nazi Germany) are unlikely to have common interests.”",poland
3932,2019-12-20 17:00:00,"Responding to Ribbentrop’s question as to whether Poland had given up Marshal Pilsudski’s ambitions regarding Ukraine, Mr Beck said, “The Poles have already been to Kiev, and these plans are undoubtedly still alive today.”",poland
3932,2019-12-20 17:00:00,Poland’s Western allies at that time were perfectly aware of that.,poland
3932,2019-12-20 17:00:00,"This is a report by Ambassador of France to Poland, Mr Leon Noel, to Foreign Minister of France Georges Bonnet on his conversations with his Polish colleagues of May 31, 1938.",poland
3932,2019-12-20 17:00:00,"In this document, the French ambassador wrote about the unequivocal statements made by the Polish leaders, who did not mince words during their meeting.",polish
3932,2019-12-20 17:00:00,And Poland would soon find out what a “European and man of order” means.,poland
3932,2019-12-20 17:00:00,"According to Noel, the Poles saw Russians as barbarians with whom “all contact would be perilous and all compromise mortal.”",poles
3932,2019-12-20 17:00:00,"To comment, this can be seen as a typical example of racism and contempt for the “untermensch,” a Nazi concept that included Russians, Belarusians, Ukrainians, and later the Poles themselves.",poles
3932,2019-12-20 17:00:00,"In this context, here is another document to support this, a report by Ambassador of Poland to Nazi Germany Jozef Lipski to Polish Minister of Foreign Affairs Jozef Beck of September 20, 1938, which I think is necessary to read to you aloud.",poland
3932,2019-12-20 17:00:00,"Mr Lipski had spoken to Hitler, and this is what he, the Polish ambassador, wrote to his Minister of Foreign Affairs: “Further to our discussion, the Chancellor of Germany, Hitler persistently emphasised that Poland is a paramount factor that protects Europe from Russia.”",poland
3932,2019-12-20 17:00:00,"It follows from Hitler's other statements that he suddenly had an idea that the Jewish issue can be resolved through migration to colonies in accord with Poland, Hungary, and maybe also Romania.",poland
3932,2019-12-20 17:00:00,"And this is what the Polish ambassador wrote to the Polish Foreign Minister in this connection – apparently hoping for understanding and approval: I, meaning the Polish Ambassador to Germany, responded, he writes to his Foreign Minister, that if this happens and this issue is resolved, we will build a beautiful monument to him, to Hitler, in Warsaw.",polish
3932,2019-12-20 17:00:00,"An excerpt from the above-mentioned conversation between Adolf Hitler and Polish Foreign Minister Jozef Beck of January 5, 1939.",polish
3932,2019-12-20 17:00:00,"Hitler said, “Another issue of common interest for Germany and Poland is the Jewish issue.”",poland
3932,2019-12-20 17:00:00,"But I think the fact remains that it was Nazi Germany that invaded first Poland on September 1, 1939, and then the Soviet Union on June 22, 1941.",poland
3932,2019-12-20 17:00:00,"It was them who, while pursuing their mercenary and exorbitantly overgrown ambitions, laid their people, the Polish people, open to attack from Germany’s military machine, and, moreover, generally contributed to the beginning of the Second World War.",polish
3932,2019-12-20 17:00:00,"Why did I say that the leaders of those countries, including Poland, at that time, actually threw their people under the chariot of Nazi Germany’s military machine?",poland
3932,2019-12-20 17:00:00,It was not about Poland at all.,poland
3932,2019-12-20 17:00:00,One more point concerning the Soviet Union’s actions after Germany launched a war against Poland.,poland
3932,2019-12-20 17:00:00,"Let me remind you that in the west, in the area of Lvov, the Polish garrison was still resisting, this is true.",polish
3932,2019-12-20 17:00:00,The Red Army did not wage any hostilities with anyone there; they were not fighting with the Poles.,poles
3932,2019-12-20 17:00:00,"Moreover, by that time the Polish government had lost control over the country, over the armed forces, and stayed somewhere close to the Romanian border.",polish
3932,2019-12-20 17:00:00,"They had already captured it, thus in reality the Soviet Union did not seize it from Poland.",poland
3935,2019-12-24 15:45:00,"But what did the other countries do, Poland, for example?",poland
3935,2019-12-24 15:45:00,"And at the so-called Munich Conference, Hitler directly represented the interests of Poland, and partly of Hungary.",poland
3935,2019-12-24 15:45:00,"He directly represented their interests, and then he said to the Poles: It was so difficult to defend your interests, you know.",poles
3935,2019-12-24 15:45:00,"What really hit me hard, I’m telling you honestly, was how Hitler and the official representatives of Poland discussed the so-called Jewish problem.",poland
3935,2019-12-24 15:45:00,"Hitler told the Minister of Foreign Affairs, and later bluntly said to the Polish Ambassador to Germany that he had a plan to send the Jewish population to Africa, to the colonies.",polish
3935,2019-12-24 15:45:00,"And here is what the Polish ambassador wrote to the Polish Foreign Minister, Mr Beck: When I heard this, he wrote, I responded (to Hitler, he means), that if this happens and this issue is resolved, we will build a beautiful monument to him (to Hitler) in Warsaw.",polish
3968,2020-01-23 16:40:00,"Russians, Belarusians, Ukrainians, Poles and many other peoples were declared Untermensch.",poles
3993,2020-02-21 15:00:00,"And only as a result of Polonization, the part of the Ukrainians who lived in the territory under the Polish-Lithuanian Commonwealth, only around the 16th century the first language differences appeared.",polish
3993,2020-02-21 15:00:00,"Moreover, around the same time, before the 14th and 15th centuries, even those people, the east Slavs, who lived in the territory of the Polish-Lithuanian Commonwealth – both in Muscovy and in Poland – were called Russians.",poland
4000,2020-02-27 15:00:00,"”Putin biography“, ”Putin Instagram“, ”Putin Georgia“, ”Putin news conference 2019“, ”Putin young“, ”Putin Poland“, ”Putin family and friends“, ”Putin age“, ”Putin fired generals today“, ”Putin Nord Stream“, ”Putin Zelensky“, ”Putin lookalike proof“.",poland
4019,2020-03-10 15:00:00,And also by both Hitler and the leader of Poland.,poland
4019,2020-03-10 15:00:00,Poland carved up Czechoslovakia with Hitler.,poland
4019,2020-03-10 15:00:00,"But Ukraine’s incumbent president wants to look good in the eyes of Poland’s current government, and in my opinion, this is a terrible mistake.",poland
4036,2020-03-18 20:15:00,"Before the 13th century, Ukrainians – the people who consider themselves Ukrainian and are Ukrainian, those who lived in both theMoscow Tsardom and the Polish–Lithuanian–Ruthenian Commonwealth or Poland, all faithful Orthodox people, were called Russian.",poland
4124,2020-06-19 00:00:00,Poland was also engaged in the partition of Czechoslovakia along with Germany.,poland
4124,2020-06-19 00:00:00,"On September 20, 1938, Polish Ambassador to Germany Józef Lipski reported to Minister of Foreign Affairs of Poland Józef Beck on the following assurances made by Hitler: “…in case of a conflict between Poland and Czechoslovakia over our interests in Teschen, the Reich would stand by Poland.”",poland
4124,2020-06-19 00:00:00,"The Nazi leader even prompted and advised that Poland started to act “only after the Germans occupy the Sudetes…” (Document No. 1) Poland was aware that without Hitler’s support, its annexationist plans were doomed to fail.",poland
4124,2020-06-19 00:00:00,"I would like to quote in this regard a record of the conversation between German Ambassador to Warsaw Hans-Adolf von Moltke and Józef Beck that took place on October 1, 1938, and was focused on the Polish-Czech relations and the position of the Soviet Union in this matter.",polish
4124,2020-06-19 00:00:00,"It says: “Mr. Beck… expressed his great gratitude for the loyal treatment accorded to Polish interests at the Munich conference, as well as the sincerity of relations during the Czech conflict.",polish
4124,2020-06-19 00:00:00,The Government and the public [of Poland] fully appreciate the position of the Fuehrer and Chancellor…” (Document No. 2),poland
4124,2020-06-19 00:00:00,"Today, European politicians, and Polish leaders in particular, wish to sweep the Munich Betrayal under the carpet.",polish
4124,2020-06-19 00:00:00,"Meanwhile, Poland, in pursuit of its interests, was doing its utmost to hamper the establishment of a collective security system in Europe.",poland
4124,2020-06-19 00:00:00,"Polish Minister of Foreign Affairs Józef Beck wrote about it directly in his letter of September 19, 1938, to the aforementioned Ambassador Józef Lipski before his meeting with Hitler: “over the past year, the Polish government four times rejected the proposal to join the international intervention in defense of Czechoslovakia.”",polish
4124,2020-06-19 00:00:00,(Document No. 5) Poland played its role in the failure of those negotiations as it did not want to have any obligations to the Soviet side.,poland
4124,2020-06-19 00:00:00,"Even under pressure from their Western allies, the Polish leadership rejected the idea of joint action with the Red Army to fight against the Wehrmacht.",polish
4124,2020-06-19 00:00:00,"It was only when they learned of the arrival of Joachim von Ribbentrop to Moscow that Józef Beck reluctantly and not directly, but through French diplomats, notified the Soviet side: “… in the event of a joint action against the German aggression, cooperation between Poland and the Soviet Union, subject to technical conditions to be determined, is not excluded (or is possible)…” (Document No. 6).",poland
4124,2020-06-19 00:00:00,"It will suffice to remember the cynical phrase said by Polish Ambassador to Germany Józef Lipski during his conversation with Hitler on September 20, 1938: for solving the Jewish problem, “…we [the Poles] would erect a beautiful monument to him in Warsaw.”",polish
4124,2020-06-19 00:00:00,This time the claims involved its recent accomplice in the partition of Czechoslovakia – Poland.,poland
4124,2020-06-19 00:00:00,"The blame for the tragedy that Poland then suffered lies entirely with the Polish leadership, which had impeded the formation of a military alliance between Britain, France and the Soviet Union and relied on the help from its Western partners, throwing its own people under the steamroller of Hitler’s machine of destruction.",poland
4124,2020-06-19 00:00:00,"Despite the fierce, heroic resistance of the Polish army, on September 8, 1939 – only a week after the war broke out – the German troops were on the approaches to Warsaw.",polish
4124,2020-06-19 00:00:00,"By September 17, the military and political leaders of Poland had fled to Romania, betraying its people, who continued to fight against the invaders.",poland
4124,2020-06-19 00:00:00,Poland’s hope for help from its Western allies was vain.,poland
4124,2020-06-19 00:00:00,"Moreover, the Anglo-French Supreme War Council, holding its first meeting in the French city of Abbeville on September 12, 1939, decided to call off the offensive altogether in view of the rapid developments in Poland.",poland
4124,2020-06-19 00:00:00,What Britain and France did was a blatant betrayal of their obligations to Poland.,poland
4124,2020-06-19 00:00:00,Former Chief of the Operations Staff of the German Armed Forces High Command General Alfred Jodl admitted: “… we did not suffer defeat as early as 1939 only because about 110 French and British divisions stationed in the west against 23 German divisions during our war with Poland remained absolutely idle.”,poland
4124,2020-06-19 00:00:00,"According to the documents, paragraph 2 of the Secret Protocol to the German-Soviet Non-Aggression Pact of August 23, 1939, stated that, in the event of territorial-political reorganization of the districts making up the Polish state, the border between the spheres of interest of the two countries would run “approximately along the Narew, Vistula and San rivers.”",polish
4124,2020-06-19 00:00:00,"In other words, the Soviet sphere of influence included not only the territories that were mostly home to Ukrainian and Belorussian population but also the historically Polish lands in the Vistula and Bug interfluve.",polish
4124,2020-06-19 00:00:00,"Similarly, very few know that, immediately after the attack on Poland, in the early days of September 1939, Berlin strongly and repeatedly called on Moscow to join the military action.",poland
4124,2020-06-19 00:00:00,"It was only when it became absolutely clear that Great Britain and France were not going to help their ally and the Wehrmacht could swiftly occupy entire Poland and thus appear on the approaches to Minsk that the Soviet Union decided to send in, on the morning of September 17, Red Army units into the so-called Eastern Borderlines (Kresy), which nowadays form part of the territories of Belorussia, Ukraine and Lithuania.",poland
4124,2020-06-19 00:00:00,"Otherwise, the USSR would face seriously increased risks because – I will say this again – the old Soviet-Polish border ran only within a few tens of kilometers from Minsk.",polish
4124,2020-06-19 00:00:00,"It was not on the Vistula River but closer to the so-called Curzon Line, which back in 1919 was recommended by the Triple Entente as the eastern border of Poland.",poland
4124,2020-06-19 00:00:00,"Besides, in October 1939, the city of Wilno and the surrounding area, which had previously been part of Poland, were returned to Lithuania.",poland
4124,2020-06-19 00:00:00,"Prominent British politician and statesman David Lloyd George emphasized, “The Russian Armies occupied the territories that are not Polish and that were forcibly seized by Poland after World War I …",poland
4124,2020-06-19 00:00:00,"On October 17, 1939, Under-Secretary of State for Foreign Affairs Richard Austen Butler confided to him that “the British government circles believed there could be no question of returning Western Ukraine and Belorussia to Poland.",poland
4124,2020-06-19 00:00:00,"If it were possible to create an ethnographic Poland of a modest size with a guarantee not only of the USSR and Germany, but also of Britain and France, the British government would consider itself quite satisfied.”",poland
4124,2020-06-19 00:00:00,"On October 27, 1939, Neville Chamberlain’s senior advisor Horace Wilson said that “Poland would have to be restored as an independent state on its ethnographic basis, but without Western Ukraine and Belarus.”",poland
4124,2020-06-19 00:00:00,German aggression against Poland was not out of nowhere.,poland
4235,2020-10-29 16:20:00,"Chile, for example, or Poland, our neighbour, are known to use these tools.",poland
4235,2020-10-29 16:20:00,"But the budget deficit in Poland, for example, if my memory serves me right, is nearly 10 percent, while ours is half of that.",poland
4322,2021-01-27 15:10:00,"Today, it is very important to create mechanisms for harmonising their interests to prevent the diversity and natural competition of the development poles from triggering anarchy and a series of protracted conflicts.",poles
4410,2021-05-18 11:25:00,"Russian-Polish ties could certainly be more meaningful and productive, especially since we are neighbours in the Baltic region.",polish
4461,2021-06-30 15:50:00,Rzeczpospolita launched this policy because Poland itself wanted to become a great power.,poland
4477,2021-07-12 17:00:00,"In the 16th century, it signed the Union of Lublin with the Kingdom of Poland to form the Polish–Lithuanian Commonwealth.",poland
4477,2021-07-12 17:00:00,The Polish Catholic nobility received considerable land holdings and privileges in the territory of Rus.,polish
4477,2021-07-12 17:00:00,His supporters struggled for autonomy from the Polish–Lithuanian Commonwealth.,polish
4477,2021-07-12 17:00:00,"In its 1649 appeal to the king of the Polish–Lithuanian Commonwealth, the Zaporizhian Host demanded that the rights of the Russian Orthodox population be respected, that the voivode of Kiev be Russian and of Greek faith, and that the persecution of the churches of God be stopped.",polish
4477,2021-07-12 17:00:00,"It means that, in their appeals to both the Polish king and the Russian tsar, the Cossacks referred to and defined themselves as Russian Orthodox people.",polish
4477,2021-07-12 17:00:00,"Over the course of the protracted war between the Russian state and the Polish–Lithuanian Commonwealth, some of the hetmans, successors of Bohdan Khmelnytsky, would ”detach themselves“ from Moscow or seek support from Sweden, Poland, or Turkey.",poland
4477,2021-07-12 17:00:00,"On the right bank, which remained under the Polish–Lithuanian Commonwealth, the old orders were restored, and social and religious oppression intensified.",polish
4477,2021-07-12 17:00:00,"After the partitions of the Polish-Lithuanian Commonwealth, the Russian Empire regained the western Old Russian lands, with the exception of Galicia and Transcarpathia, which became part of the Austrian – and later Austro-Hungarian – Empire.",polish
4477,2021-07-12 17:00:00,"Thus, as early as the beginning of the 17th century, one of the hierarchs of the Uniate Church, Joseph Rutsky, communicated to Rome that people in Moscovia called Russians from the Polish-Lithuanian Commonwealth their brothers, that their written language was absolutely identical, and differences in the vernacular were insignificant.",polish
4477,2021-07-12 17:00:00,"Crimean Tatars, Armenians, Greeks, Jews, Karaites, Krymchaks, Bulgarians, Poles, Serbs, Germans, and other peoples lived here.",poles
4477,2021-07-12 17:00:00,These decisions were taken against the backdrop of dramatic events in Poland and the desire of the leaders of the Polish national movement to exploit the ”Ukrainian issue“ to their own advantage.,poland
4477,2021-07-12 17:00:00,"At the same time, the idea of Ukrainian people as a nation separate from the Russians started to form and gain ground among the Polish elite and a part of the Malorussian intelligentsia.",polish
4477,2021-07-12 17:00:00,"Since the late 19th century, the Austro-Hungarian authorities had latched onto this narrative, using it as a counterbalance to the Polish national movement and pro-Muscovite sentiments in Galicia.",polish
4477,2021-07-12 17:00:00,"In July 1919, Ukrainian forces were crushed by Polish troops, and the territory of the former WUPR came under the Polish rule.",polish
4477,2021-07-12 17:00:00,"In April 1920, Symon Petliura (portrayed as one of the ”heroes“ in today's Ukraine) concluded secret conventions on behalf of the UPR Directorate, giving up – in exchange for military support – Galicia and Western Volhynia lands to Poland.",poland
4477,2021-07-12 17:00:00,"In May 1920, Petliurites entered Kiev in a convoy of Polish military units.",polish
4477,2021-07-12 17:00:00,"As early as November 1920, following a truce between Poland and Soviet Russia, the remnants of Petliura's forces surrendered to those same Poles.",poland
4477,2021-07-12 17:00:00,"Under the 1921 Treaty of Riga, concluded between the Russian SFSR, the Ukrainian SSR and Poland, the western lands of the former Russian Empire were ceded to Poland.",poland
4477,2021-07-12 17:00:00,"In the interwar period, the Polish government pursued an active resettlement policy, seeking to change the ethnic composition of the Eastern Borderlands – the Polish name for what is now Western Ukraine, Western Belarus and parts of Lithuania.",polish
4477,2021-07-12 17:00:00,"Later, during World War II, radical groups of Ukrainian nationalists used this as a pretext for terror not only against Polish, but also against Jewish and Russian populations.",polish
4477,2021-07-12 17:00:00,"In 1939, the USSR regained the lands earlier seized by Poland.",poland
4477,2021-07-12 17:00:00,The owners of this project took as a basis the old groundwork of the Polish-Austrian ideologists to create an ”anti-Moscow Russia“.,polish
4477,2021-07-12 17:00:00,"The Polish-Lithuanian Commonwealth never needed Ukrainian culture, much less Cossack autonomy.",polish
4477,2021-07-12 17:00:00,"Mazepa, who betrayed everyone, Petliura, who paid for Polish patronage with Ukrainian lands, and Bandera, who collaborated with the Nazis, are ranked as national heroes.",polish
4479,2021-07-13 22:15:00,The project started back in the 17th and 18th centuries in the Polish‒Lithuanian Commonwealth.,polish
4479,2021-07-13 22:15:00,"It was later exploited by the Polish national movement and, before World War I, it was used by the Austro-Hungarian Empire.",polish
4526,2021-09-03 12:35:00,"In fact, it began in 1700, after Peter the Great joined the alliance of countries organised, among others, by Frederick II, the Saxon-Polish king, who, by the way, later slightly revised the originally stated goals.",polish
4534,2021-09-09 22:15:00,"My Western colleagues and the leaders of some European countries have called on me to take joint actions, saying that there is a crisis on the Belarusian border with Lithuania and Poland.",poland
4534,2021-09-09 22:15:00,It is the state border of the Republic of Belarus with Lithuania and Poland.,poland
4534,2021-09-09 22:15:00,"If this is so, and if some Afghans (or not only Afghans, because all refugees, including Afghans, are being pushed out of European countries) have approached the Belarusian border with Lithuania or Poland, I do not understand the logic.",poland
4590,2021-10-19 16:25:00,"As a result, our neighbours at the port of Gdansk [in Poland] have increased transhipment volumes alone 12-fold over the last 10 years.",poland
4593,2021-10-21 21:25:00,"I can understand the current Polish leadership’s attitude to the 1939 events, but when you tell them: Just take a look at what happened slightly before that, when Poland joined Germany in the division of Czechoslovakia.",poland
4593,2021-10-21 21:25:00,"I also read the archival documents which we received after the Red Army entered Europe: we have German and also Polish and French documents, we have them.",polish
4593,2021-10-21 21:25:00,Nobody is accusing the Polish leadership.,polish
4593,2021-10-21 21:25:00,"They deployed ABM (anti-missile) systems in Poland and Romania, using Aegis launchers, where Tomahawks can be loaded, strike systems.",poland
4620,2021-11-13 11:15:00,"However, when Polish border guards and army troops on the Belarus-Poland border beat up potential migrants and fire combat weapons over their heads, blast sirens and spotlights onto their camps at night, where there are children and women in the final weeks of pregnancy, all that does not go well with the ideas of humanism which supposedly underlie all policies of our Western neighbours.",poland
4620,2021-11-13 11:15:00,"Nevertheless, I still proceed from the premise that a solution must be found to suit both Belarus and European countries, including Poland, the Federal Republic and other countries, because there is too much strain on their social systems.",poland
4626,2021-11-18 16:50:00,"There have been several waves of expansion, and let’s look at where the military infrastructure of the NATO bloc is now – anti-missile defence systems have been deployed right next to our borders in Romania and Poland.",poland
4626,2021-11-18 16:50:00,"It is also impossible to ignore that Western countries are using the migration crisis on Belarus-Poland border as a new reason for tension in a region close to us, for putting pressure on Minsk, while at the same time forgetting their own humanitarian commitments.",poland
4626,2021-11-18 16:50:00,Just look how the Polish security forces are behaving at the border – you can watch it on the internet or on television.,polish
4626,2021-11-18 16:50:00,"I remember well how in 2014, when the Polish government, trying to stop the use of similar equipment by law enforcement forces in Ukraine – [Viktor] Yanukovych was President then – how they said it was unacceptable to use such means against the civilian population.",polish
4643,2021-11-30 16:00:00,"The situation went as far as the deployment of BMD systems in Poland and Romania, and the launchers that have been stationed there, the Mk 41, can be used to launch Tomahawk missiles and other strike systems.",poland
4653,2021-12-05 19:15:00,"Every day, people are trying to reach the European Union, attempting to cross Polish, Lithuanian or Belarusian borders in search of a better and safer life.",polish
4653,2021-12-05 19:15:00,The situation deteriorated in early November with several thousand migrants approaching the Polish and Lithuanian borders from the Belarusian side.,polish
4653,2021-12-05 19:15:00,"I travelled to Belarus just last week, where we issued a call on governments, businesses and civil society to support the national Red Cross societies in Belarus, Lithuania and Poland which are currently responding to this crisis.",poland
4653,2021-12-05 19:15:00,"Regarding the situation on the Belarusian-Polish border, this situation exists, but it is very important to follow the principles and rules that the International Federation of Red Cross and Red Crescent Societies has always observed.",polish
4653,2021-12-05 19:15:00,"But we should probably take a closer look at what is happening on the border and at the actions of the neighbouring state, namely, the Republic of Poland.",poland
4653,2021-12-05 19:15:00,"I hope that the situation on the Polish-Belarusian border will be gradually defused and eventually normalised, although people remain there whose destiny is still unclear.",polish
4658,2021-12-08 17:10:00,"That said, over the past few decades we continuously expressed our concerns and asked our partners to abstain from certain actions but nonetheless NATO infrastructure inevitably moved closer to our borders and now we are seeing Mk 14 missile defence systems in Poland and Romania.",poland
4674,2021-12-21 14:30:00,"The Mk 41 launchers, which are located in Romania and are to be deployed in Poland, are adapted for launching the Tomahawk strike missiles.",poland
4678,2021-12-23 16:10:00,"Three foreign ministers – of Poland, Germany and France – guaranteed the peaceful development of the situation and the peace process.",poland
4678,2021-12-23 16:10:00,"Incidentally, the same was done to Poles, Hungarians and Romanians.",poles
4678,2021-12-23 16:10:00,"You cheated us shamelessly: there have been five waves of NATO expansion, and now the weapons systems I mentioned have been deployed in Romania and deployment has recently begun in Poland.",poland
4678,2021-12-23 16:10:00,They turned on this route in reverse mode and have been pumping gas from Germany to Poland for several days now.,poland
4678,2021-12-23 16:10:00,There is a connecting pipe that connects the Polish pipeline system with the Ukrainian system.,polish
4678,2021-12-23 16:10:00,This is exactly the amount that Germany is supplying to Poland.,poland
4678,2021-12-23 16:10:00,"Instead of supplying gas to Poland and then to Ukraine in an effort to help someone tide over, it would be better to continue supplies to Europe, Germany, for instance, and to reduce the spot price, because the more product on the market, the lower the price.",poland
4711,2022-02-01 20:05:00,"Today we see where NATO is: in Poland, in Romania and in the Baltic states.",poland
4711,2022-02-01 20:05:00,Now anti-ballistic missile launchers are deployed in Romania and are being set up in Poland.,poland
4711,2022-02-01 20:05:00,"It will be filled with weapons, modern offensive weapons will be deployed on its territory just like in Poland and Romania – who is going to prevent this.",poland
4730,2022-02-15 17:50:00,"Poland, the OSCE Chair, has launched a new dialogue process at the top level.",poland
4740,2022-02-21 22:35:00,"Then, both before and after the Great Patriotic War, Stalin incorporated in the USSR and transferred to Ukraine some lands that previously belonged to Poland, Romania and Hungary.",poland
4740,2022-02-21 22:35:00,"In the process, he gave Poland part of what was traditionally German land as compensation, and in 1954, Khrushchev took Crimea away from Russia for some reason and also gave it to Ukraine.",poland
4740,2022-02-21 22:35:00,"We have seen five waves of NATO expansion, one after another – Poland, the Czech Republic and Hungary were admitted in 1999; Bulgaria, Estonia, Latvia, Lithuania, Romania, Slovakia and Slovenia in 2004; Albania and Croatia in 2009;",poland
4740,2022-02-21 22:35:00,"Thus, positioning areas for interceptor missiles are being established in Romania and Poland as part of the US project to create a global missile defence system.",poland
4752,2022-03-03 19:50:00,"In fact, they are being held hostage; the hostage-takers are playing for time or are offering them a chance to leave via Lviv or Poland, that is, to cross the combat zone, thereby risking their lives.",poland
4754,2022-03-05 16:35:00,"Do we support those who killed Russians, Jews, and Poles during the war?",poles
4781,2022-04-12 16:10:00,"We know that the Polish pogroms and Jewish pogroms were not perpetrated by Germans but by the same Waffen SS Galicia, Banderites and the other pro-Nazi bastards.",polish
4781,2022-04-12 16:10:00,"They exterminated peaceful civilians: Russians, Jews and Poles.",poles
4838,2022-06-03 20:00:00,"And fifth, it is also possible to do this via Poland.",poland
4850,2022-06-17 17:40:00,"Or via Poland or Romania, whichever you prefer.",poland
4850,2022-06-17 17:40:00,"Three foreign ministers from three European countries – Germany, France and Poland – came to Ukraine to attend, as guarantors, the ceremony for signing agreements between then President Yanukovych and the opposition.",poland
4850,2022-06-17 17:40:00,"Stalin took away territories from Hungary, Romania and Poland and gave them to Ukraine, while Poland was granted Germany’s eastern territories.",poland
4866,2022-06-30 15:50:00,"In addition, there are other export opportunities: via Romania, the Danube and then across the Black Sea, via Poland, via Belarus, and via the ports on the Sea of Azov.",poland
4882,2022-07-19 23:55:00,"Poland imposed sanctions on Yamal-Europe, which supplied 33 billion cubic metres of gas.",poland
4882,2022-07-19 23:55:00,Because it turned out to be cheaper for the Poles.,poles
4882,2022-07-19 23:55:00,It is profitable for German companies to sell it to the Poles at a small premium.,poles
4882,2022-07-19 23:55:00,It is profitable for the Poles to buy it because it is cheaper than to buy it directly from us.,poles
4925,2022-09-07 12:40:00,"Another pipeline, Yamal–Europe, runs across Poland.",poland
4925,2022-09-07 12:40:00,Poland imposed sanctions on this gas pipeline and suspended its functioning.,poland
4925,2022-09-07 12:40:00,"No, the Poles did it.",poles
4925,2022-09-07 12:40:00,The Ukrainians did it and the Poles.,poles
4925,2022-09-07 12:40:00,"Poland went ahead and imposed sanctions on Yamal-Europe, thus putting an end to its operation.",poland
4925,2022-09-07 12:40:00,It turns out that the Poles were buying gas from us at higher prices than the Germans.,poles
4925,2022-09-07 12:40:00,The Germans were getting the cheapest gas but sold it to the Poles at a small premium.,poles
4925,2022-09-07 12:40:00,"If this man, the one you mentioned – God bless his heart – had any idea who Bandera, Shukhevich and the like were (neo-Nazis who shot Russians, Jews and Poles – and the German occupiers mostly shifted this dirty work to them, and they exterminated people), if he proceeded from these considerations he would understand where real Nazism is prospering and where it is supported at the government level.",poles
4946,2022-09-16 19:00:00,Poland chose to impose sanctions against the Yamal-Europe gas pipeline and shut off the route.,poland
4976,2022-10-12 14:15:00,"They stretch across Poland (Yamal‒Europe), and Ukraine, the two pipelines that Russia once built with its own money.",poland
4995,2022-10-27 20:55:00,"People spoke the same language, Old Russian, and changes only started to emerge, I believe, in the 14th or 15th century under Poland’s influence because the western areas of the Russian state became parts of other countries.",poland
4995,2022-10-27 20:55:00,"The lands that became part of Poland experienced a strong Polish influence, and so on.",poland
4995,2022-10-27 20:55:00,"Those letters said: “We, Russian Orthodox Christians, would like to address you with the following matter…” They asked Moscow to accept them into Russia and asked Poland to consider their interests and their Orthodox Christian customs.",poland
4995,2022-10-27 20:55:00,"And subsequently, it actually grew into cooperation with Hitler during WWII, when Ukrainian collaborators were used in campaigns to exterminate Russians, Poles, Jews and Belarusians.",poles
4995,2022-10-27 20:55:00,"All the more so as after WWII – this is also a historical fact – Stalin suddenly made several Polish, Hungarian, and Romanian territories part of Ukraine, thus taking these lands away from these countries.",polish
4995,2022-10-27 20:55:00,"He gave the Poles, who were not part of the Nazi coalition, some of the eastern German lands.",poles
4995,2022-10-27 20:55:00,"Clearly, they are versions of those who, as I have said, on behalf of the Hitler authorities, exterminated the Polish, Jewish, and Russian populations in the regions occupied during World War II.",polish
5039,2022-12-07 19:35:00,"At that time, also in 2014, three foreign ministers – of Poland, Germany and France – came to Kiev and signed a conciliatory document between the then government in Ukraine and the opposition.",poland
5039,2022-12-07 19:35:00,"With regard to the authorities of some of our neighbouring countries, Poland in this case, you are aware of it as a former resident of Ukraine.",poland
5039,2022-12-07 19:35:00,"Polish nationalists are bent on returning their so-called historical territories, that is, taking back the western territories that Ukraine received as a result of Joseph Stalin’s decision following WWII.",polish
5039,2022-12-07 19:35:00,"As you may be aware, these territories were taken from Poland and given to Soviet Ukraine.",poland
5039,2022-12-07 19:35:00,"Of course, the nationalist elements in Poland are determined to take these territories back, and they will strive to make it happen no matter who says what.",poland
5059,2022-12-21 16:00:00,"As you may remember, in February 2014, three foreign ministers from Poland, France and Germany arrived in Kiev and put their signatures as guarantors of an agreement between the opposition and the incumbent government.",poland
